IndicatorCode,Indicator,ValueType,ParentLocationCode,ParentLocation,Location type,SpatialDimValueCode,Location,Period type,Period,IsLatestYear,Dim1 type,Dim1,Dim1ValueCode,Dim2 type,Dim2,Dim2ValueCode,Dim3 type,Dim3,Dim3ValueCode,DataSourceDimValueCode,DataSource,FactValueNumericPrefix,FactValueNumeric,FactValueUoM,FactValueNumericLowPrefix,FactValueNumericLow,FactValueNumericHighPrefix,FactValueNumericHigh,Value,FactValueTranslationID,FactComments,Language,DateModified
NCD_PAA,Prevalence of insufficient physical activity among adults aged 18+ years (age-standardized estimate) (%),text,EUR,Europe,Country,NLD,Netherlands (Kingdom of the),Year,2022,true,Sex,Female,SEX_FMLE,Age Group,18+  years,AGEGROUP_YEARS18-PLUS,,,,,,,10.71,,,6.66,,15.73,10.7 [6.7-15.7],,,EN,2024-06-20T22:00:00.000Z
NCD_PAA,Prevalence of insufficient physical activity among adults aged 18+ years (age-standardized estimate) (%),text,EUR,Europe,Country,TKM,Turkmenistan,Year,2022,true,Sex,Male,SEX_MLE,Age Group,18+  years,AGEGROUP_YEARS18-PLUS,,,,,,,10.82,,,4.53,,19.54,10.8 [4.5-19.5],,,EN,2024-06-20T22:00:00.000Z
NCD_PAA,Prevalence of insufficient physical activity among adults aged 18+ years (age-standardized estimate) (%),text,EUR,Europe,Country,MDA,Republic of Moldova,Year,2022,true,Sex,Both sexes,SEX_BTSX,Age Group,18+  years,AGEGROUP_YEARS18-PLUS,,,,,,,10.77,,,6.91,,15.69,10.8 [6.9-15.7],,,EN,2024-06-20T22:00:00.000Z
NCD_PAA,Prevalence of insufficient physical activity among adults aged 18+ years (age-standardized estimate) (%),text,EUR,Europe,Country,FIN,Finland,Year,2022,true,Sex,Male,SEX_MLE,Age Group,18+  years,AGEGROUP_YEARS18-PLUS,,,,,,,11.06,,,6.16,,17.5,11.1 [6.2-17.5],,,EN,2024-06-20T22:00:00.000Z
NCD_PAA,Prevalence of insufficient physical activity among adults aged 18+ years (age-standardized estimate) (%),text,EUR,Europe,Country,DNK,Denmark,Year,2022,true,Sex,Female,SEX_FMLE,Age Group,18+  years,AGEGROUP_YEARS18-PLUS,,,,,,,11.21,,,6,,18.48,11.2 [6.0-18.5],,,EN,2024-06-20T22:00:00.000Z
NCD_PAA,Prevalence of insufficient physical activity among adults aged 18+ years (age-standardized estimate) (%),text,EUR,Europe,Country,DEU,Germany,Year,2022,true,Sex,Female,SEX_FMLE,Age Group,18+  years,AGEGROUP_YEARS18-PLUS,,,,,,,11.59,,,7.79,,16.16,11.6 [7.8-16.2],,,EN,2024-06-20T22:00:00.000Z
NCD_PAA,Prevalence of insufficient physical activity among adults aged 18+ years (age-standardized estimate) (%),text,EUR,Europe,Country,DEU,Germany,Year,2022,true,Sex,Both sexes,SEX_BTSX,Age Group,18+  years,AGEGROUP_YEARS18-PLUS,,,,,,,11.98,,,9.2,,15.15,12.0 [9.2-15.1],,,EN,2024-06-20T22:00:00.000Z
NCD_PAA,Prevalence of insufficient physical activity among adults aged 18+ years (age-standardized estimate) (%),text,EUR,Europe,Country,MDA,Republic of Moldova,Year,2022,true,Sex,Male,SEX_MLE,Age Group,18+  years,AGEGROUP_YEARS18-PLUS,,,,,,,12.12,,,6.59,,19.51,12.1 [6.6-19.5],,,EN,2024-06-20T22:00:00.000Z
NCD_PAA,Prevalence of insufficient physical activity among adults aged 18+ years (age-standardized estimate) (%),text,EUR,Europe,Country,TKM,Turkmenistan,Year,2022,true,Sex,Both sexes,SEX_BTSX,Age Group,18+  years,AGEGROUP_YEARS18-PLUS,,,,,,,12.09,,,6.76,,19.09,12.1 [6.8-19.1],,,EN,2024-06-20T22:00:00.000Z
NCD_PAA,Prevalence of insufficient physical activity among adults aged 18+ years (age-standardized estimate) (%),text,EUR,Europe,Country,DNK,Denmark,Year,2022,true,Sex,Both sexes,SEX_BTSX,Age Group,18+  years,AGEGROUP_YEARS18-PLUS,,,,,,,12.14,,,8.19,,16.94,12.1 [8.2-16.9],,,EN,2024-06-20T22:00:00.000Z
NCD_PAA,Prevalence of insufficient physical activity among adults aged 18+ years (age-standardized estimate) (%),text,EUR,Europe,Country,DEU,Germany,Year,2022,true,Sex,Male,SEX_MLE,Age Group,18+  years,AGEGROUP_YEARS18-PLUS,,,,,,,12.36,,,8.65,,16.79,12.4 [8.7-16.8],,,EN,2024-06-20T22:00:00.000Z
NCD_PAA,Prevalence of insufficient physical activity among adults aged 18+ years (age-standardized estimate) (%),text,EUR,Europe,Country,UKR,Ukraine,Year,2022,true,Sex,Female,SEX_FMLE,Age Group,18+  years,AGEGROUP_YEARS18-PLUS,,,,,,,12.75,,,5.37,,22.77,12.8 [5.4-22.8],,,EN,2024-06-20T22:00:00.000Z
NCD_PAA,Prevalence of insufficient physical activity among adults aged 18+ years (age-standardized estimate) (%),text,EUR,Europe,Country,UKR,Ukraine,Year,2022,true,Sex,Male,SEX_MLE,Age Group,18+  years,AGEGROUP_YEARS18-PLUS,,,,,,,12.81,,,6.12,,22.18,12.8 [6.1-22.2],,,EN,2024-06-20T22:00:00.000Z
NCD_PAA,Prevalence of insufficient physical activity among adults aged 18+ years (age-standardized estimate) (%),text,EUR,Europe,Country,UKR,Ukraine,Year,2022,true,Sex,Both sexes,SEX_BTSX,Age Group,18+  years,AGEGROUP_YEARS18-PLUS,,,,,,,12.76,,,7.4,,19.53,12.8 [7.4-19.5],,,EN,2024-06-20T22:00:00.000Z
NCD_PAA,Prevalence of insufficient physical activity among adults aged 18+ years (age-standardized estimate) (%),text,EUR,Europe,Country,TKM,Turkmenistan,Year,2022,true,Sex,Female,SEX_FMLE,Age Group,18+  years,AGEGROUP_YEARS18-PLUS,,,,,,,13.11,,,5.53,,24.42,13.1 [5.5-24.4],,,EN,2024-06-20T22:00:00.000Z
NCD_PAA,Prevalence of insufficient physical activity among adults aged 18+ years (age-standardized estimate) (%),text,EUR,Europe,Country,DNK,Denmark,Year,2022,true,Sex,Male,SEX_MLE,Age Group,18+  years,AGEGROUP_YEARS18-PLUS,,,,,,,13.06,,,7.46,,20.12,13.1 [7.5-20.1],,,EN,2024-06-20T22:00:00.000Z
NCD_PAA,Prevalence of insufficient physical activity among adults aged 18+ years (age-standardized estimate) (%),text,EUR,Europe,Country,BLR,Belarus,Year,2022,true,Sex,Female,SEX_FMLE,Age Group,18+  years,AGEGROUP_YEARS18-PLUS,,,,,,,13.53,,,7.03,,22.08,13.5 [7.0-22.1],,,EN,2024-06-20T22:00:00.000Z
NCD_PAA,Prevalence of insufficient physical activity among adults aged 18+ years (age-standardized estimate) (%),text,EUR,Europe,Country,LVA,Latvia,Year,2022,true,Sex,Female,SEX_FMLE,Age Group,18+  years,AGEGROUP_YEARS18-PLUS,,,,,,,13.68,,,7.38,,22.08,13.7 [7.4-22.1],,,EN,2024-06-20T22:00:00.000Z
NCD_PAA,Prevalence of insufficient physical activity among adults aged 18+ years (age-standardized estimate) (%),text,EUR,Europe,Country,LUX,Luxembourg,Year,2022,true,Sex,Female,SEX_FMLE,Age Group,18+  years,AGEGROUP_YEARS18-PLUS,,,,,,,13.9,,,8.02,,21.35,13.9 [8.0-21.3],,,EN,2024-06-20T22:00:00.000Z
NCD_PAA,Prevalence of insufficient physical activity among adults aged 18+ years (age-standardized estimate) (%),text,EUR,Europe,Country,LUX,Luxembourg,Year,2022,true,Sex,Male,SEX_MLE,Age Group,18+  years,AGEGROUP_YEARS18-PLUS,,,,,,,13.91,,,8.29,,20.84,13.9 [8.3-20.8],,,EN,2024-06-20T22:00:00.000Z
NCD_PAA,Prevalence of insufficient physical activity among adults aged 18+ years (age-standardized estimate) (%),text,EUR,Europe,Country,LUX,Luxembourg,Year,2022,true,Sex,Both sexes,SEX_BTSX,Age Group,18+  years,AGEGROUP_YEARS18-PLUS,,,,,,,13.92,,,9.67,,19.04,13.9 [9.7-19.0],,,EN,2024-06-20T22:00:00.000Z
NCD_PAA,Prevalence of insufficient physical activity among adults aged 18+ years (age-standardized estimate) (%),text,EUR,Europe,Country,BLR,Belarus,Year,2022,true,Sex,Both sexes,SEX_BTSX,Age Group,18+  years,AGEGROUP_YEARS18-PLUS,,,,,,,14.02,,,9.32,,19.84,14.0 [9.3-19.8],,,EN,2024-06-20T22:00:00.000Z
NCD_PAA,Prevalence of insufficient physical activity among adults aged 18+ years (age-standardized estimate) (%),text,EUR,Europe,Country,LVA,Latvia,Year,2022,true,Sex,Both sexes,SEX_BTSX,Age Group,18+  years,AGEGROUP_YEARS18-PLUS,,,,,,,14.49,,,9.73,,20.07,14.5 [9.7-20.1],,,EN,2024-06-20T22:00:00.000Z
NCD_PAA,Prevalence of insufficient physical activity among adults aged 18+ years (age-standardized estimate) (%),text,EUR,Europe,Country,BLR,Belarus,Year,2022,true,Sex,Male,SEX_MLE,Age Group,18+  years,AGEGROUP_YEARS18-PLUS,,,,,,,14.61,,,8.47,,22.36,14.6 [8.5-22.4],,,EN,2024-06-20T22:00:00.000Z
NCD_PAA,Prevalence of insufficient physical activity among adults aged 18+ years (age-standardized estimate) (%),text,EUR,Europe,Country,LVA,Latvia,Year,2022,true,Sex,Male,SEX_MLE,Age Group,18+  years,AGEGROUP_YEARS18-PLUS,,,,,,,15.42,,,8.7,,23.23,15.4 [8.7-23.2],,,EN,2024-06-20T22:00:00.000Z
NCD_PAA,Prevalence of insufficient physical activity among adults aged 18+ years (age-standardized estimate) (%),text,EUR,Europe,Country,EST,Estonia,Year,2022,true,Sex,Female,SEX_FMLE,Age Group,18+  years,AGEGROUP_YEARS18-PLUS,,,,,,,15.38,,,9.69,,22.21,15.4 [9.7-22.2],,,EN,2024-06-20T22:00:00.000Z
NCD_PAA,Prevalence of insufficient physical activity among adults aged 18+ years (age-standardized estimate) (%),text,EUR,Europe,Country,EST,Estonia,Year,2022,true,Sex,Both sexes,SEX_BTSX,Age Group,18+  years,AGEGROUP_YEARS18-PLUS,,,,,,,15.94,,,11.7,,20.69,15.9 [11.7-20.7],,,EN,2024-06-20T22:00:00.000Z
NCD_PAA,Prevalence of insufficient physical activity among adults aged 18+ years (age-standardized estimate) (%),text,EUR,Europe,Country,EST,Estonia,Year,2022,true,Sex,Male,SEX_MLE,Age Group,18+  years,AGEGROUP_YEARS18-PLUS,,,,,,,16.54,,,10.64,,23.42,16.5 [10.6-23.4],,,EN,2024-06-20T22:00:00.000Z
NCD_PAA,Prevalence of insufficient physical activity among adults aged 18+ years (age-standardized estimate) (%),text,EUR,Europe,Country,KGZ,Kyrgyzstan,Year,2022,true,Sex,Male,SEX_MLE,Age Group,18+  years,AGEGROUP_YEARS18-PLUS,,,,,,,17.33,,,6.54,,32.72,17.3 [6.5-32.7],,,EN,2024-06-20T22:00:00.000Z
NCD_PAA,Prevalence of insufficient physical activity among adults aged 18+ years (age-standardized estimate) (%),text,EUR,Europe,Country,CHE,Switzerland,Year,2022,true,Sex,Male,SEX_MLE,Age Group,18+  years,AGEGROUP_YEARS18-PLUS,,,,,,,17.63,,,7.58,,31.9,17.6 [7.6-31.9],,,EN,2024-06-20T22:00:00.000Z
NCD_PAA,Prevalence of insufficient physical activity among adults aged 18+ years (age-standardized estimate) (%),text,EUR,Europe,Country,RUS,Russian Federation,Year,2022,true,Sex,Male,SEX_MLE,Age Group,18+  years,AGEGROUP_YEARS18-PLUS,,,,,,,18.09,,,5.66,,38.31,18.1 [5.7-38.3],,,EN,2024-06-20T22:00:00.000Z
NCD_PAA,Prevalence of insufficient physical activity among adults aged 18+ years (age-standardized estimate) (%),text,EUR,Europe,Country,RUS,Russian Federation,Year,2022,true,Sex,Both sexes,SEX_BTSX,Age Group,18+  years,AGEGROUP_YEARS18-PLUS,,,,,,,18.11,,,7.34,,34.25,18.1 [7.3-34.3],,,EN,2024-06-20T22:00:00.000Z
NCD_PAA,Prevalence of insufficient physical activity among adults aged 18+ years (age-standardized estimate) (%),text,EUR,Europe,Country,GBR,United Kingdom of Great Britain and Northern Ireland,Year,2022,true,Sex,Male,SEX_MLE,Age Group,18+  years,AGEGROUP_YEARS18-PLUS,,,,,,,18.21,,,12.26,,25.04,18.2 [12.3-25.0],,,EN,2024-06-20T22:00:00.000Z
NCD_PAA,Prevalence of insufficient physical activity among adults aged 18+ years (age-standardized estimate) (%),text,EUR,Europe,Country,RUS,Russian Federation,Year,2022,true,Sex,Female,SEX_FMLE,Age Group,18+  years,AGEGROUP_YEARS18-PLUS,,,,,,,18.17,,,3.93,,42.55,18.2 [3.9-42.6],,,EN,2024-06-20T22:00:00.000Z
NCD_PAA,Prevalence of insufficient physical activity among adults aged 18+ years (age-standardized estimate) (%),text,EUR,Europe,Country,SVN,Slovenia,Year,2022,true,Sex,Male,SEX_MLE,Age Group,18+  years,AGEGROUP_YEARS18-PLUS,,,,,,,18.42,,,11.25,,27.41,18.4 [11.3-27.4],,,EN,2024-06-20T22:00:00.000Z
NCD_PAA,Prevalence of insufficient physical activity among adults aged 18+ years (age-standardized estimate) (%),text,EUR,Europe,Country,BIH,Bosnia and Herzegovina,Year,2022,true,Sex,Male,SEX_MLE,Age Group,18+  years,AGEGROUP_YEARS18-PLUS,,,,,,,18.43,,,4.59,,40.55,18.4 [4.6-40.6],,,EN,2024-06-20T22:00:00.000Z
NCD_PAA,Prevalence of insufficient physical activity among adults aged 18+ years (age-standardized estimate) (%),text,EUR,Europe,Country,CHE,Switzerland,Year,2022,true,Sex,Both sexes,SEX_BTSX,Age Group,18+  years,AGEGROUP_YEARS18-PLUS,,,,,,,19.03,,,10.56,,29.89,19.0 [10.6-29.9],,,EN,2024-06-20T22:00:00.000Z
NCD_PAA,Prevalence of insufficient physical activity among adults aged 18+ years (age-standardized estimate) (%),text,EUR,Europe,Country,SVN,Slovenia,Year,2022,true,Sex,Both sexes,SEX_BTSX,Age Group,18+  years,AGEGROUP_YEARS18-PLUS,,,,,,,18.97,,,13.25,,25.4,19.0 [13.3-25.4],,,EN,2024-06-20T22:00:00.000Z
NCD_PAA,Prevalence of insufficient physical activity among adults aged 18+ years (age-standardized estimate) (%),text,EUR,Europe,Country,GBR,United Kingdom of Great Britain and Northern Ireland,Year,2022,true,Sex,Both sexes,SEX_BTSX,Age Group,18+  years,AGEGROUP_YEARS18-PLUS,,,,,,,18.98,,,14.43,,24.46,19.0 [14.4-24.5],,,EN,2024-06-20T22:00:00.000Z
NCD_PAA,Prevalence of insufficient physical activity among adults aged 18+ years (age-standardized estimate) (%),text,EUR,Europe,Country,ESP,Spain,Year,2022,true,Sex,Male,SEX_MLE,Age Group,18+  years,AGEGROUP_YEARS18-PLUS,,,,,,,19.41,,,12.74,,27.21,19.4 [12.7-27.2],,,EN,2024-06-20T22:00:00.000Z
NCD_PAA,Prevalence of insufficient physical activity among adults aged 18+ years (age-standardized estimate) (%),text,EUR,Europe,Country,SVN,Slovenia,Year,2022,true,Sex,Female,SEX_FMLE,Age Group,18+  years,AGEGROUP_YEARS18-PLUS,,,,,,,19.54,,,11.54,,29.65,19.5 [11.5-29.7],,,EN,2024-06-20T22:00:00.000Z
NCD_PAA,Prevalence of insufficient physical activity among adults aged 18+ years (age-standardized estimate) (%),text,EUR,Europe,Country,AUT,Austria,Year,2022,true,Sex,Male,SEX_MLE,Age Group,18+  years,AGEGROUP_YEARS18-PLUS,,,,,,,19.62,,,14.09,,26.22,19.6 [14.1-26.2],,,EN,2024-06-20T22:00:00.000Z
NCD_PAA,Prevalence of insufficient physical activity among adults aged 18+ years (age-standardized estimate) (%),text,EUR,Europe,Country,GBR,United Kingdom of Great Britain and Northern Ireland,Year,2022,true,Sex,Female,SEX_FMLE,Age Group,18+  years,AGEGROUP_YEARS18-PLUS,,,,,,,19.74,,,12.8,,28.05,19.7 [12.8-28.0],,,EN,2024-06-20T22:00:00.000Z
NCD_PAA,Prevalence of insufficient physical activity among adults aged 18+ years (age-standardized estimate) (%),text,EUR,Europe,Country,IRL,Ireland,Year,2022,true,Sex,Male,SEX_MLE,Age Group,18+  years,AGEGROUP_YEARS18-PLUS,,,,,,,19.7,,,13.4,,27.02,19.7 [13.4-27.0],,,EN,2024-06-20T22:00:00.000Z
NCD_PAA,Prevalence of insufficient physical activity among adults aged 18+ years (age-standardized estimate) (%),text,EUR,Europe,Country,FRA,France,Year,2022,true,Sex,Male,SEX_MLE,Age Group,18+  years,AGEGROUP_YEARS18-PLUS,,,,,,,19.85,,,12.19,,28.73,19.8 [12.2-28.7],,,EN,2024-06-20T22:00:00.000Z
NCD_PAA,Prevalence of insufficient physical activity among adults aged 18+ years (age-standardized estimate) (%),text,EUR,Europe,Country,LTU,Lithuania,Year,2022,true,Sex,Female,SEX_FMLE,Age Group,18+  years,AGEGROUP_YEARS18-PLUS,,,,,,,19.78,,,12.21,,29.05,19.8 [12.2-29.1],,,EN,2024-06-20T22:00:00.000Z
NCD_PAA,Prevalence of insufficient physical activity among adults aged 18+ years (age-standardized estimate) (%),text,EUR,Europe,Country,AUT,Austria,Year,2022,true,Sex,Both sexes,SEX_BTSX,Age Group,18+  years,AGEGROUP_YEARS18-PLUS,,,,,,,19.76,,,15.49,,24.36,19.8 [15.5-24.4],,,EN,2024-06-20T22:00:00.000Z
NCD_PAA,Prevalence of insufficient physical activity among adults aged 18+ years (age-standardized estimate) (%),text,EUR,Europe,Country,KGZ,Kyrgyzstan,Year,2022,true,Sex,Both sexes,SEX_BTSX,Age Group,18+  years,AGEGROUP_YEARS18-PLUS,,,,,,,19.87,,,10.27,,31.74,19.9 [10.3-31.7],,,EN,2024-06-20T22:00:00.000Z
NCD_PAA,Prevalence of insufficient physical activity among adults aged 18+ years (age-standardized estimate) (%),text,EUR,Europe,Country,AUT,Austria,Year,2022,true,Sex,Female,SEX_FMLE,Age Group,18+  years,AGEGROUP_YEARS18-PLUS,,,,,,,19.88,,,13.92,,27.01,19.9 [13.9-27.0],,,EN,2024-06-20T22:00:00.000Z
NCD_PAA,Prevalence of insufficient physical activity among adults aged 18+ years (age-standardized estimate) (%),text,EUR,Europe,Country,LTU,Lithuania,Year,2022,true,Sex,Both sexes,SEX_BTSX,Age Group,18+  years,AGEGROUP_YEARS18-PLUS,,,,,,,20.23,,,14.67,,26.17,20.2 [14.7-26.2],,,EN,2024-06-20T22:00:00.000Z
NCD_PAA,Prevalence of insufficient physical activity among adults aged 18+ years (age-standardized estimate) (%),text,EUR,Europe,Country,CHE,Switzerland,Year,2022,true,Sex,Female,SEX_FMLE,Age Group,18+  years,AGEGROUP_YEARS18-PLUS,,,,,,,20.42,,,8.34,,37.95,20.4 [8.3-38.0],,,EN,2024-06-20T22:00:00.000Z
NCD_PAA,Prevalence of insufficient physical activity among adults aged 18+ years (age-standardized estimate) (%),text,EUR,Europe,Country,MKD,North Macedonia,Year,2022,true,Sex,Male,SEX_MLE,Age Group,18+  years,AGEGROUP_YEARS18-PLUS,,,,,,,20.53,,,6.92,,39.75,20.5 [6.9-39.7],,,EN,2024-06-20T22:00:00.000Z
NCD_PAA,Prevalence of insufficient physical activity among adults aged 18+ years (age-standardized estimate) (%),text,EUR,Europe,Country,LTU,Lithuania,Year,2022,true,Sex,Male,SEX_MLE,Age Group,18+  years,AGEGROUP_YEARS18-PLUS,,,,,,,20.75,,,13.47,,29.38,20.7 [13.5-29.4],,,EN,2024-06-20T22:00:00.000Z
NCD_PAA,Prevalence of insufficient physical activity among adults aged 18+ years (age-standardized estimate) (%),text,EUR,Europe,Country,BIH,Bosnia and Herzegovina,Year,2022,true,Sex,Both sexes,SEX_BTSX,Age Group,18+  years,AGEGROUP_YEARS18-PLUS,,,,,,,21.07,,,7.67,,40.14,21.1 [7.7-40.1],,,EN,2024-06-20T22:00:00.000Z
NCD_PAA,Prevalence of insufficient physical activity among adults aged 18+ years (age-standardized estimate) (%),text,EUR,Europe,Country,ALB,Albania,Year,2022,true,Sex,Male,SEX_MLE,Age Group,18+  years,AGEGROUP_YEARS18-PLUS,,,,,,,21.44,,,5.63,,48.47,21.4 [5.6-48.5],,,EN,2024-06-20T22:00:00.000Z
NCD_PAA,Prevalence of insufficient physical activity among adults aged 18+ years (age-standardized estimate) (%),text,EUR,Europe,Country,MNE,Montenegro,Year,2022,true,Sex,Male,SEX_MLE,Age Group,18+  years,AGEGROUP_YEARS18-PLUS,,,,,,,21.57,,,5.34,,48.17,21.6 [5.3-48.2],,,EN,2024-06-20T22:00:00.000Z
NCD_PAA,Prevalence of insufficient physical activity among adults aged 18+ years (age-standardized estimate) (%),text,EUR,Europe,Country,ESP,Spain,Year,2022,true,Sex,Both sexes,SEX_BTSX,Age Group,18+  years,AGEGROUP_YEARS18-PLUS,,,,,,,21.85,,,16.29,,27.74,21.8 [16.3-27.7],,,EN,2024-06-20T22:00:00.000Z
NCD_PAA,Prevalence of insufficient physical activity among adults aged 18+ years (age-standardized estimate) (%),text,EUR,Europe,Country,IRL,Ireland,Year,2022,true,Sex,Both sexes,SEX_BTSX,Age Group,18+  years,AGEGROUP_YEARS18-PLUS,,,,,,,21.92,,,16.64,,27.58,21.9 [16.6-27.6],,,EN,2024-06-20T22:00:00.000Z
NCD_PAA,Prevalence of insufficient physical activity among adults aged 18+ years (age-standardized estimate) (%),text,EUR,Europe,Country,KGZ,Kyrgyzstan,Year,2022,true,Sex,Female,SEX_FMLE,Age Group,18+  years,AGEGROUP_YEARS18-PLUS,,,,,,,22.02,,,8.02,,41.79,22.0 [8.0-41.8],,,EN,2024-06-20T22:00:00.000Z
NCD_PAA,Prevalence of insufficient physical activity among adults aged 18+ years (age-standardized estimate) (%),text,EUR,Europe,Country,BEL,Belgium,Year,2022,true,Sex,Male,SEX_MLE,Age Group,18+  years,AGEGROUP_YEARS18-PLUS,,,,,,,22.36,,,14.65,,31.49,22.4 [14.7-31.5],,,EN,2024-06-20T22:00:00.000Z
NCD_PAA,Prevalence of insufficient physical activity among adults aged 18+ years (age-standardized estimate) (%),text,EUR,Europe,Country,SVK,Slovakia,Year,2022,true,Sex,Male,SEX_MLE,Age Group,18+  years,AGEGROUP_YEARS18-PLUS,,,,,,,22.49,,,13.74,,32.79,22.5 [13.7-32.8],,,EN,2024-06-20T22:00:00.000Z
NCD_PAA,Prevalence of insufficient physical activity among adults aged 18+ years (age-standardized estimate) (%),text,EUR,Europe,Country,CZE,Czechia,Year,2022,true,Sex,Male,SEX_MLE,Age Group,18+  years,AGEGROUP_YEARS18-PLUS,,,,,,,22.6,,,14.48,,32.3,22.6 [14.5-32.3],,,EN,2024-06-20T22:00:00.000Z
NCD_PAA,Prevalence of insufficient physical activity among adults aged 18+ years (age-standardized estimate) (%),text,EUR,Europe,Country,AZE,Azerbaijan,Year,2022,true,Sex,Female,SEX_FMLE,Age Group,18+  years,AGEGROUP_YEARS18-PLUS,,,,,,,22.81,,,10.71,,38.47,22.8 [10.7-38.5],,,EN,2024-06-20T22:00:00.000Z
NCD_PAA,Prevalence of insufficient physical activity among adults aged 18+ years (age-standardized estimate) (%),text,EUR,Europe,Country,MNE,Montenegro,Year,2022,true,Sex,Both sexes,SEX_BTSX,Age Group,18+  years,AGEGROUP_YEARS18-PLUS,,,,,,,22.75,,,8.1,,43.47,22.8 [8.1-43.5],,,EN,2024-06-20T22:00:00.000Z
NCD_PAA,Prevalence of insufficient physical activity among adults aged 18+ years (age-standardized estimate) (%),text,EUR,Europe,Country,SMR,San Marino,Year,2022,true,Sex,Male,SEX_MLE,Age Group,18+  years,AGEGROUP_YEARS18-PLUS,,,,,,,22.93,,,6.39,,49.76,22.9 [6.4-49.8],,,EN,2024-06-20T22:00:00.000Z
NCD_PAA,Prevalence of insufficient physical activity among adults aged 18+ years (age-standardized estimate) (%),text,EUR,Europe,Country,FRA,France,Year,2022,true,Sex,Both sexes,SEX_BTSX,Age Group,18+  years,AGEGROUP_YEARS18-PLUS,,,,,,,23.18,,,16.72,,30.34,23.2 [16.7-30.3],,,EN,2024-06-20T22:00:00.000Z
NCD_PAA,Prevalence of insufficient physical activity among adults aged 18+ years (age-standardized estimate) (%),text,EUR,Europe,Country,SVK,Slovakia,Year,2022,true,Sex,Both sexes,SEX_BTSX,Age Group,18+  years,AGEGROUP_YEARS18-PLUS,,,,,,,23.3,,,16.54,,30.48,23.3 [16.5-30.5],,,EN,2024-06-20T22:00:00.000Z
NCD_PAA,Prevalence of insufficient physical activity among adults aged 18+ years (age-standardized estimate) (%),text,EUR,Europe,Country,CZE,Czechia,Year,2022,true,Sex,Both sexes,SEX_BTSX,Age Group,18+  years,AGEGROUP_YEARS18-PLUS,,,,,,,23.37,,,17.02,,30.34,23.4 [17.0-30.3],,,EN,2024-06-20T22:00:00.000Z
NCD_PAA,Prevalence of insufficient physical activity among adults aged 18+ years (age-standardized estimate) (%),text,EUR,Europe,Country,BIH,Bosnia and Herzegovina,Year,2022,true,Sex,Female,SEX_FMLE,Age Group,18+  years,AGEGROUP_YEARS18-PLUS,,,,,,,23.69,,,4.35,,57.13,23.7 [4.4-57.1],,,EN,2024-06-20T22:00:00.000Z
NCD_PAA,Prevalence of insufficient physical activity among adults aged 18+ years (age-standardized estimate) (%),text,EUR,Europe,Country,GEO,Georgia,Year,2022,true,Sex,Female,SEX_FMLE,Age Group,18+  years,AGEGROUP_YEARS18-PLUS,,,,,,,23.77,,,11.9,,39.09,23.8 [11.9-39.1],,,EN,2024-06-20T22:00:00.000Z
NCD_PAA,Prevalence of insufficient physical activity among adults aged 18+ years (age-standardized estimate) (%),text,EUR,Europe,Country,AZE,Azerbaijan,Year,2022,true,Sex,Both sexes,SEX_BTSX,Age Group,18+  years,AGEGROUP_YEARS18-PLUS,,,,,,,23.92,,,15.32,,34.48,23.9 [15.3-34.5],,,EN,2024-06-20T22:00:00.000Z
NCD_PAA,Prevalence of insufficient physical activity among adults aged 18+ years (age-standardized estimate) (%),text,EUR,Europe,Country,MNE,Montenegro,Year,2022,true,Sex,Female,SEX_FMLE,Age Group,18+  years,AGEGROUP_YEARS18-PLUS,,,,,,,23.91,,,3.81,,58.2,23.9 [3.8-58.2],,,EN,2024-06-20T22:00:00.000Z
NCD_PAA,Prevalence of insufficient physical activity among adults aged 18+ years (age-standardized estimate) (%),text,EUR,Europe,Country,ISL,Iceland,Year,2022,true,Sex,Male,SEX_MLE,Age Group,18+  years,AGEGROUP_YEARS18-PLUS,,,,,,,23.92,,,6.2,,51.08,23.9 [6.2-51.1],,,EN,2024-06-20T22:00:00.000Z
NCD_PAA,Prevalence of insufficient physical activity among adults aged 18+ years (age-standardized estimate) (%),text,EUR,Europe,Country,GEO,Georgia,Year,2022,true,Sex,Both sexes,SEX_BTSX,Age Group,18+  years,AGEGROUP_YEARS18-PLUS,,,,,,,24.02,,,15.28,,34.62,24.0 [15.3-34.6],,,EN,2024-06-20T22:00:00.000Z
NCD_PAA,Prevalence of insufficient physical activity among adults aged 18+ years (age-standardized estimate) (%),text,EUR,Europe,Country,SVK,Slovakia,Year,2022,true,Sex,Female,SEX_FMLE,Age Group,18+  years,AGEGROUP_YEARS18-PLUS,,,,,,,24.06,,,14.62,,35.08,24.1 [14.6-35.1],,,EN,2024-06-20T22:00:00.000Z
NCD_PAA,Prevalence of insufficient physical activity among adults aged 18+ years (age-standardized estimate) (%),text,EUR,Europe,Country,CZE,Czechia,Year,2022,true,Sex,Female,SEX_FMLE,Age Group,18+  years,AGEGROUP_YEARS18-PLUS,,,,,,,24.12,,,15.05,,34.63,24.1 [15.1-34.6],,,EN,2024-06-20T22:00:00.000Z
NCD_PAA,Prevalence of insufficient physical activity among adults aged 18+ years (age-standardized estimate) (%),text,EUR,Europe,Country,IRL,Ireland,Year,2022,true,Sex,Female,SEX_FMLE,Age Group,18+  years,AGEGROUP_YEARS18-PLUS,,,,,,,24.07,,,16.24,,32.69,24.1 [16.2-32.7],,,EN,2024-06-20T22:00:00.000Z
NCD_PAA,Prevalence of insufficient physical activity among adults aged 18+ years (age-standardized estimate) (%),text,EUR,Europe,Country,ISR,Israel,Year,2022,true,Sex,Male,SEX_MLE,Age Group,18+  years,AGEGROUP_YEARS18-PLUS,,,,,,,24.11,,,6.28,,52.17,24.1 [6.3-52.2],,,EN,2024-06-20T22:00:00.000Z
NCD_PAA,Prevalence of insufficient physical activity among adults aged 18+ years (age-standardized estimate) (%),text,EUR,Europe,Country,GEO,Georgia,Year,2022,true,Sex,Male,SEX_MLE,Age Group,18+  years,AGEGROUP_YEARS18-PLUS,,,,,,,24.17,,,12.61,,38.75,24.2 [12.6-38.7],,,EN,2024-06-20T22:00:00.000Z
NCD_PAA,Prevalence of insufficient physical activity among adults aged 18+ years (age-standardized estimate) (%),text,EUR,Europe,Country,ESP,Spain,Year,2022,true,Sex,Female,SEX_FMLE,Age Group,18+  years,AGEGROUP_YEARS18-PLUS,,,,,,,24.21,,,16.16,,33.57,24.2 [16.2-33.6],,,EN,2024-06-20T22:00:00.000Z
NCD_PAA,Prevalence of insufficient physical activity among adults aged 18+ years (age-standardized estimate) (%),text,EUR,Europe,Country,ALB,Albania,Year,2022,true,Sex,Both sexes,SEX_BTSX,Age Group,18+  years,AGEGROUP_YEARS18-PLUS,,,,,,,24.28,,,9.05,,45.89,24.3 [9.0-45.9],,,EN,2024-06-20T22:00:00.000Z
NCD_PAA,Prevalence of insufficient physical activity among adults aged 18+ years (age-standardized estimate) (%),text,EUR,Europe,Country,AZE,Azerbaijan,Year,2022,true,Sex,Male,SEX_MLE,Age Group,18+  years,AGEGROUP_YEARS18-PLUS,,,,,,,25.08,,,13.61,,39.36,25.1 [13.6-39.4],,,EN,2024-06-20T22:00:00.000Z
NCD_PAA,Prevalence of insufficient physical activity among adults aged 18+ years (age-standardized estimate) (%),text,EUR,Europe,Country,ARM,Armenia,Year,2022,true,Sex,Female,SEX_FMLE,Age Group,18+  years,AGEGROUP_YEARS18-PLUS,,,,,,,25.31,,,11.55,,43.33,25.3 [11.5-43.3],,,EN,2024-06-20T22:00:00.000Z
NCD_PAA,Prevalence of insufficient physical activity among adults aged 18+ years (age-standardized estimate) (%),text,EUR,Europe,Country,BEL,Belgium,Year,2022,true,Sex,Both sexes,SEX_BTSX,Age Group,18+  years,AGEGROUP_YEARS18-PLUS,,,,,,,25.41,,,19.19,,32.29,25.4 [19.2-32.3],,,EN,2024-06-20T22:00:00.000Z
NCD_PAA,Prevalence of insufficient physical activity among adults aged 18+ years (age-standardized estimate) (%),text,EUR,Europe,Country,SMR,San Marino,Year,2022,true,Sex,Both sexes,SEX_BTSX,Age Group,18+  years,AGEGROUP_YEARS18-PLUS,,,,,,,25.66,,,10.05,,45.55,25.7 [10.0-45.5],,,EN,2024-06-20T22:00:00.000Z
NCD_PAA,Prevalence of insufficient physical activity among adults aged 18+ years (age-standardized estimate) (%),text,EUR,Europe,Country,ISL,Iceland,Year,2022,true,Sex,Both sexes,SEX_BTSX,Age Group,18+  years,AGEGROUP_YEARS18-PLUS,,,,,,,25.92,,,9.84,,46.66,25.9 [9.8-46.7],,,EN,2024-06-20T22:00:00.000Z
NCD_PAA,Prevalence of insufficient physical activity among adults aged 18+ years (age-standardized estimate) (%),text,EUR,Europe,Country,UZB,Uzbekistan,Year,2022,true,Sex,Male,SEX_MLE,Age Group,18+  years,AGEGROUP_YEARS18-PLUS,,,,,,,25.99,,,16.17,,38.14,26.0 [16.2-38.1],,,EN,2024-06-20T22:00:00.000Z
NCD_PAA,Prevalence of insufficient physical activity among adults aged 18+ years (age-standardized estimate) (%),text,EUR,Europe,Country,MKD,North Macedonia,Year,2022,true,Sex,Both sexes,SEX_BTSX,Age Group,18+  years,AGEGROUP_YEARS18-PLUS,,,,,,,26.1,,,12.86,,42,26.1 [12.9-42.0],,,EN,2024-06-20T22:00:00.000Z
NCD_PAA,Prevalence of insufficient physical activity among adults aged 18+ years (age-standardized estimate) (%),text,EUR,Europe,Country,AND,Andorra,Year,2022,true,Sex,Male,SEX_MLE,Age Group,18+  years,AGEGROUP_YEARS18-PLUS,,,,,,,26.18,,,8.73,,50.73,26.2 [8.7-50.7],,,EN,2024-06-20T22:00:00.000Z
NCD_PAA,Prevalence of insufficient physical activity among adults aged 18+ years (age-standardized estimate) (%),text,EUR,Europe,Country,TJK,Tajikistan,Year,2022,true,Sex,Male,SEX_MLE,Age Group,18+  years,AGEGROUP_YEARS18-PLUS,,,,,,,26.27,,,13.77,,41.55,26.3 [13.8-41.6],,,EN,2024-06-20T22:00:00.000Z
NCD_PAA,Prevalence of insufficient physical activity among adults aged 18+ years (age-standardized estimate) (%),text,EUR,Europe,Country,FRA,France,Year,2022,true,Sex,Female,SEX_FMLE,Age Group,18+  years,AGEGROUP_YEARS18-PLUS,,,,,,,26.31,,,16.5,,37.55,26.3 [16.5-37.5],,,EN,2024-06-20T22:00:00.000Z
NCD_PAA,Prevalence of insufficient physical activity among adults aged 18+ years (age-standardized estimate) (%),text,EUR,Europe,Country,ISR,Israel,Year,2022,true,Sex,Both sexes,SEX_BTSX,Age Group,18+  years,AGEGROUP_YEARS18-PLUS,,,,,,,26.56,,,10.44,,47.63,26.6 [10.4-47.6],,,EN,2024-06-20T22:00:00.000Z
NCD_PAA,Prevalence of insufficient physical activity among adults aged 18+ years (age-standardized estimate) (%),text,EUR,Europe,Country,ARM,Armenia,Year,2022,true,Sex,Both sexes,SEX_BTSX,Age Group,18+  years,AGEGROUP_YEARS18-PLUS,,,,,,,26.58,,,16.29,,38.46,26.6 [16.3-38.5],,,EN,2024-06-20T22:00:00.000Z
NCD_PAA,Prevalence of insufficient physical activity among adults aged 18+ years (age-standardized estimate) (%),text,EUR,Europe,Country,ALB,Albania,Year,2022,true,Sex,Female,SEX_FMLE,Age Group,18+  years,AGEGROUP_YEARS18-PLUS,,,,,,,27.12,,,5.12,,61.9,27.1 [5.1-61.9],,,EN,2024-06-20T22:00:00.000Z
NCD_PAA,Prevalence of insufficient physical activity among adults aged 18+ years (age-standardized estimate) (%),text,EUR,Europe,Country,AND,Andorra,Year,2022,true,Sex,Both sexes,SEX_BTSX,Age Group,18+  years,AGEGROUP_YEARS18-PLUS,,,,,,,27.21,,,12.28,,46.63,27.2 [12.3-46.6],,,EN,2024-06-20T22:00:00.000Z
NCD_PAA,Prevalence of insufficient physical activity among adults aged 18+ years (age-standardized estimate) (%),text,EUR,Europe,Country,KAZ,Kazakhstan,Year,2022,true,Sex,Female,SEX_FMLE,Age Group,18+  years,AGEGROUP_YEARS18-PLUS,,,,,,,27.72,,,6.01,,60.41,27.7 [6.0-60.4],,,EN,2024-06-20T22:00:00.000Z
NCD_PAA,Prevalence of insufficient physical activity among adults aged 18+ years (age-standardized estimate) (%),text,EUR,Europe,Country,ISL,Iceland,Year,2022,true,Sex,Female,SEX_FMLE,Age Group,18+  years,AGEGROUP_YEARS18-PLUS,,,,,,,28.03,,,5.23,,63.55,28.0 [5.2-63.5],,,EN,2024-06-20T22:00:00.000Z
NCD_PAA,Prevalence of insufficient physical activity among adults aged 18+ years (age-standardized estimate) (%),text,EUR,Europe,Country,HUN,Hungary,Year,2022,true,Sex,Male,SEX_MLE,Age Group,18+  years,AGEGROUP_YEARS18-PLUS,,,,,,,28.14,,,18.85,,38.73,28.1 [18.8-38.7],,,EN,2024-06-20T22:00:00.000Z
NCD_PAA,Prevalence of insufficient physical activity among adults aged 18+ years (age-standardized estimate) (%),text,EUR,Europe,Country,KAZ,Kazakhstan,Year,2022,true,Sex,Both sexes,SEX_BTSX,Age Group,18+  years,AGEGROUP_YEARS18-PLUS,,,,,,,28.23,,,12.52,,48.73,28.2 [12.5-48.7],,,EN,2024-06-20T22:00:00.000Z
NCD_PAA,Prevalence of insufficient physical activity among adults aged 18+ years (age-standardized estimate) (%),text,EUR,Europe,Country,ARM,Armenia,Year,2022,true,Sex,Male,SEX_MLE,Age Group,18+  years,AGEGROUP_YEARS18-PLUS,,,,,,,28.25,,,15.01,,44.3,28.2 [15.0-44.3],,,EN,2024-06-20T22:00:00.000Z
NCD_PAA,Prevalence of insufficient physical activity among adults aged 18+ years (age-standardized estimate) (%),text,EUR,Europe,Country,HRV,Croatia,Year,2022,true,Sex,Male,SEX_MLE,Age Group,18+  years,AGEGROUP_YEARS18-PLUS,,,,,,,28.27,,,18.69,,39.1,28.3 [18.7-39.1],,,EN,2024-06-20T22:00:00.000Z
NCD_PAA,Prevalence of insufficient physical activity among adults aged 18+ years (age-standardized estimate) (%),text,EUR,Europe,Country,SMR,San Marino,Year,2022,true,Sex,Female,SEX_FMLE,Age Group,18+  years,AGEGROUP_YEARS18-PLUS,,,,,,,28.32,,,5.5,,61.46,28.3 [5.5-61.5],,,EN,2024-06-20T22:00:00.000Z
NCD_PAA,Prevalence of insufficient physical activity among adults aged 18+ years (age-standardized estimate) (%),text,EUR,Europe,Country,AND,Andorra,Year,2022,true,Sex,Female,SEX_FMLE,Age Group,18+  years,AGEGROUP_YEARS18-PLUS,,,,,,,28.31,,,6.91,,60.81,28.3 [6.9-60.8],,,EN,2024-06-20T22:00:00.000Z
NCD_PAA,Prevalence of insufficient physical activity among adults aged 18+ years (age-standardized estimate) (%),text,EUR,Europe,Country,BEL,Belgium,Year,2022,true,Sex,Female,SEX_FMLE,Age Group,18+  years,AGEGROUP_YEARS18-PLUS,,,,,,,28.41,,,18.93,,39.57,28.4 [18.9-39.6],,,EN,2024-06-20T22:00:00.000Z
NCD_PAA,Prevalence of insufficient physical activity among adults aged 18+ years (age-standardized estimate) (%),text,EUR,Europe,Country,HRV,Croatia,Year,2022,true,Sex,Both sexes,SEX_BTSX,Age Group,18+  years,AGEGROUP_YEARS18-PLUS,,,,,,,28.45,,,21.32,,36.48,28.4 [21.3-36.5],,,EN,2024-06-20T22:00:00.000Z
NCD_PAA,Prevalence of insufficient physical activity among adults aged 18+ years (age-standardized estimate) (%),text,EUR,Europe,Country,HRV,Croatia,Year,2022,true,Sex,Female,SEX_FMLE,Age Group,18+  years,AGEGROUP_YEARS18-PLUS,,,,,,,28.64,,,18.58,,40.46,28.6 [18.6-40.5],,,EN,2024-06-20T22:00:00.000Z
NCD_PAA,Prevalence of insufficient physical activity among adults aged 18+ years (age-standardized estimate) (%),text,EUR,Europe,Country,KAZ,Kazakhstan,Year,2022,true,Sex,Male,SEX_MLE,Age Group,18+  years,AGEGROUP_YEARS18-PLUS,,,,,,,28.7,,,9.04,,54.8,28.7 [9.0-54.8],,,EN,2024-06-20T22:00:00.000Z
NCD_PAA,Prevalence of insufficient physical activity among adults aged 18+ years (age-standardized estimate) (%),text,EUR,Europe,Country,ISR,Israel,Year,2022,true,Sex,Female,SEX_FMLE,Age Group,18+  years,AGEGROUP_YEARS18-PLUS,,,,,,,28.96,,,5.76,,63.94,29.0 [5.8-63.9],,,EN,2024-06-20T22:00:00.000Z
NCD_PAA,Prevalence of insufficient physical activity among adults aged 18+ years (age-standardized estimate) (%),text,EUR,Europe,Country,HUN,Hungary,Year,2022,true,Sex,Both sexes,SEX_BTSX,Age Group,18+  years,AGEGROUP_YEARS18-PLUS,,,,,,,29.41,,,22.2,,37.27,29.4 [22.2-37.3],,,EN,2024-06-20T22:00:00.000Z
NCD_PAA,Prevalence of insufficient physical activity among adults aged 18+ years (age-standardized estimate) (%),text,EUR,Europe,Country,HUN,Hungary,Year,2022,true,Sex,Female,SEX_FMLE,Age Group,18+  years,AGEGROUP_YEARS18-PLUS,,,,,,,30.64,,,20.21,,42.28,30.6 [20.2-42.3],,,EN,2024-06-20T22:00:00.000Z
NCD_PAA,Prevalence of insufficient physical activity among adults aged 18+ years (age-standardized estimate) (%),text,EUR,Europe,Country,MKD,North Macedonia,Year,2022,true,Sex,Female,SEX_FMLE,Age Group,18+  years,AGEGROUP_YEARS18-PLUS,,,,,,,31.63,,,11.1,,59.14,31.6 [11.1-59.1],,,EN,2024-06-20T22:00:00.000Z
NCD_PAA,Prevalence of insufficient physical activity among adults aged 18+ years (age-standardized estimate) (%),text,EUR,Europe,Country,UZB,Uzbekistan,Year,2022,true,Sex,Both sexes,SEX_BTSX,Age Group,18+  years,AGEGROUP_YEARS18-PLUS,,,,,,,31.75,,,23.25,,40.75,31.7 [23.2-40.7],,,EN,2024-06-20T22:00:00.000Z
NCD_PAA,Prevalence of insufficient physical activity among adults aged 18+ years (age-standardized estimate) (%),text,EUR,Europe,Country,NOR,Norway,Year,2022,true,Sex,Male,SEX_MLE,Age Group,18+  years,AGEGROUP_YEARS18-PLUS,,,,,,,31.85,,,14.38,,53.9,31.8 [14.4-53.9],,,EN,2024-06-20T22:00:00.000Z
NCD_PAA,Prevalence of insufficient physical activity among adults aged 18+ years (age-standardized estimate) (%),text,EUR,Europe,Country,BGR,Bulgaria,Year,2022,true,Sex,Female,SEX_FMLE,Age Group,18+  years,AGEGROUP_YEARS18-PLUS,,,,,,,32.13,,,20.97,,44.26,32.1 [21.0-44.3],,,EN,2024-06-20T22:00:00.000Z
NCD_PAA,Prevalence of insufficient physical activity among adults aged 18+ years (age-standardized estimate) (%),text,EUR,Europe,Country,BGR,Bulgaria,Year,2022,true,Sex,Both sexes,SEX_BTSX,Age Group,18+  years,AGEGROUP_YEARS18-PLUS,,,,,,,32.28,,,24.57,,40.48,32.3 [24.6-40.5],,,EN,2024-06-20T22:00:00.000Z
NCD_PAA,Prevalence of insufficient physical activity among adults aged 18+ years (age-standardized estimate) (%),text,EUR,Europe,Country,BGR,Bulgaria,Year,2022,true,Sex,Male,SEX_MLE,Age Group,18+  years,AGEGROUP_YEARS18-PLUS,,,,,,,32.45,,,22.14,,43.9,32.4 [22.1-43.9],,,EN,2024-06-20T22:00:00.000Z
NCD_PAA,Prevalence of insufficient physical activity among adults aged 18+ years (age-standardized estimate) (%),text,EUR,Europe,Country,GRC,Greece,Year,2022,true,Sex,Male,SEX_MLE,Age Group,18+  years,AGEGROUP_YEARS18-PLUS,,,,,,,33.06,,,22.77,,44.1,33.1 [22.8-44.1],,,EN,2024-06-20T22:00:00.000Z
NCD_PAA,Prevalence of insufficient physical activity among adults aged 18+ years (age-standardized estimate) (%),text,EUR,Europe,Country,CYP,Cyprus,Year,2022,true,Sex,Male,SEX_MLE,Age Group,18+  years,AGEGROUP_YEARS18-PLUS,,,,,,,34.76,,,23.78,,46.49,34.8 [23.8-46.5],,,EN,2024-06-20T22:00:00.000Z
NCD_PAA,Prevalence of insufficient physical activity among adults aged 18+ years (age-standardized estimate) (%),text,EUR,Europe,Country,NOR,Norway,Year,2022,true,Sex,Both sexes,SEX_BTSX,Age Group,18+  years,AGEGROUP_YEARS18-PLUS,,,,,,,35.12,,,20.02,,52.54,35.1 [20.0-52.5],,,EN,2024-06-20T22:00:00.000Z
NCD_PAA,Prevalence of insufficient physical activity among adults aged 18+ years (age-standardized estimate) (%),text,EUR,Europe,Country,TUR,Türkiye,Year,2022,true,Sex,Male,SEX_MLE,Age Group,18+  years,AGEGROUP_YEARS18-PLUS,,,,,,,35.15,,,20.78,,51.28,35.1 [20.8-51.3],,,EN,2024-06-20T22:00:00.000Z
NCD_PAA,Prevalence of insufficient physical activity among adults aged 18+ years (age-standardized estimate) (%),text,EUR,Europe,Country,GRC,Greece,Year,2022,true,Sex,Both sexes,SEX_BTSX,Age Group,18+  years,AGEGROUP_YEARS18-PLUS,,,,,,,35.2,,,27.19,,43.68,35.2 [27.2-43.7],,,EN,2024-06-20T22:00:00.000Z
NCD_PAA,Prevalence of insufficient physical activity among adults aged 18+ years (age-standardized estimate) (%),text,EUR,Europe,Country,TJK,Tajikistan,Year,2022,true,Sex,Both sexes,SEX_BTSX,Age Group,18+  years,AGEGROUP_YEARS18-PLUS,,,,,,,35.74,,,24,,48.41,35.7 [24.0-48.4],,,EN,2024-06-20T22:00:00.000Z
NCD_PAA,Prevalence of insufficient physical activity among adults aged 18+ years (age-standardized estimate) (%),text,EUR,Europe,Country,POL,Poland,Year,2022,true,Sex,Male,SEX_MLE,Age Group,18+  years,AGEGROUP_YEARS18-PLUS,,,,,,,35.95,,,25.06,,47.76,36.0 [25.1-47.8],,,EN,2024-06-20T22:00:00.000Z
NCD_PAA,Prevalence of insufficient physical activity among adults aged 18+ years (age-standardized estimate) (%),text,EUR,Europe,Country,ITA,Italy,Year,2022,true,Sex,Male,SEX_MLE,Age Group,18+  years,AGEGROUP_YEARS18-PLUS,,,,,,,36.41,,,25.59,,48.39,36.4 [25.6-48.4],,,EN,2024-06-20T22:00:00.000Z
NCD_PAA,Prevalence of insufficient physical activity among adults aged 18+ years (age-standardized estimate) (%),text,EUR,Europe,Country,ROU,Romania,Year,2022,true,Sex,Female,SEX_FMLE,Age Group,18+  years,AGEGROUP_YEARS18-PLUS,,,,,,,36.58,,,24.74,,49.74,36.6 [24.7-49.7],,,EN,2024-06-20T22:00:00.000Z
NCD_PAA,Prevalence of insufficient physical activity among adults aged 18+ years (age-standardized estimate) (%),text,EUR,Europe,Country,ROU,Romania,Year,2022,true,Sex,Both sexes,SEX_BTSX,Age Group,18+  years,AGEGROUP_YEARS18-PLUS,,,,,,,36.76,,,28.63,,45.59,36.8 [28.6-45.6],,,EN,2024-06-20T22:00:00.000Z
NCD_PAA,Prevalence of insufficient physical activity among adults aged 18+ years (age-standardized estimate) (%),text,EUR,Europe,Country,ROU,Romania,Year,2022,true,Sex,Male,SEX_MLE,Age Group,18+  years,AGEGROUP_YEARS18-PLUS,,,,,,,36.96,,,26.22,,49.12,37.0 [26.2-49.1],,,EN,2024-06-20T22:00:00.000Z
NCD_PAA,Prevalence of insufficient physical activity among adults aged 18+ years (age-standardized estimate) (%),text,EUR,Europe,Country,POL,Poland,Year,2022,true,Sex,Both sexes,SEX_BTSX,Age Group,18+  years,AGEGROUP_YEARS18-PLUS,,,,,,,36.97,,,28.88,,45.4,37.0 [28.9-45.4],,,EN,2024-06-20T22:00:00.000Z
NCD_PAA,Prevalence of insufficient physical activity among adults aged 18+ years (age-standardized estimate) (%),text,EUR,Europe,Country,UZB,Uzbekistan,Year,2022,true,Sex,Female,SEX_FMLE,Age Group,18+  years,AGEGROUP_YEARS18-PLUS,,,,,,,37.05,,,23.79,,51.41,37.1 [23.8-51.4],,,EN,2024-06-20T22:00:00.000Z
NCD_PAA,Prevalence of insufficient physical activity among adults aged 18+ years (age-standardized estimate) (%),text,EUR,Europe,Country,GRC,Greece,Year,2022,true,Sex,Female,SEX_FMLE,Age Group,18+  years,AGEGROUP_YEARS18-PLUS,,,,,,,37.33,,,25.58,,50.2,37.3 [25.6-50.2],,,EN,2024-06-20T22:00:00.000Z
NCD_PAA,Prevalence of insufficient physical activity among adults aged 18+ years (age-standardized estimate) (%),text,EUR,Europe,Country,MLT,Malta,Year,2022,true,Sex,Male,SEX_MLE,Age Group,18+  years,AGEGROUP_YEARS18-PLUS,,,,,,,37.77,,,24.48,,52.16,37.8 [24.5-52.2],,,EN,2024-06-20T22:00:00.000Z
NCD_PAA,Prevalence of insufficient physical activity among adults aged 18+ years (age-standardized estimate) (%),text,EUR,Europe,Country,POL,Poland,Year,2022,true,Sex,Female,SEX_FMLE,Age Group,18+  years,AGEGROUP_YEARS18-PLUS,,,,,,,37.95,,,25.93,,50.55,38.0 [25.9-50.5],,,EN,2024-06-20T22:00:00.000Z
NCD_PAA,Prevalence of insufficient physical activity among adults aged 18+ years (age-standardized estimate) (%),text,EUR,Europe,Country,NOR,Norway,Year,2022,true,Sex,Female,SEX_FMLE,Age Group,18+  years,AGEGROUP_YEARS18-PLUS,,,,,,,38.47,,,15.82,,65.3,38.5 [15.8-65.3],,,EN,2024-06-20T22:00:00.000Z
NCD_PAA,Prevalence of insufficient physical activity among adults aged 18+ years (age-standardized estimate) (%),text,EUR,Europe,Country,ITA,Italy,Year,2022,true,Sex,Both sexes,SEX_BTSX,Age Group,18+  years,AGEGROUP_YEARS18-PLUS,,,,,,,40.09,,,31.75,,48.8,40.1 [31.8-48.8],,,EN,2024-06-20T22:00:00.000Z
NCD_PAA,Prevalence of insufficient physical activity among adults aged 18+ years (age-standardized estimate) (%),text,EUR,Europe,Country,MLT,Malta,Year,2022,true,Sex,Both sexes,SEX_BTSX,Age Group,18+  years,AGEGROUP_YEARS18-PLUS,,,,,,,40.71,,,30.52,,51.27,40.7 [30.5-51.3],,,EN,2024-06-20T22:00:00.000Z
NCD_PAA,Prevalence of insufficient physical activity among adults aged 18+ years (age-standardized estimate) (%),text,EUR,Europe,Country,CYP,Cyprus,Year,2022,true,Sex,Both sexes,SEX_BTSX,Age Group,18+  years,AGEGROUP_YEARS18-PLUS,,,,,,,40.83,,,32.14,,49.79,40.8 [32.1-49.8],,,EN,2024-06-20T22:00:00.000Z
NCD_PAA,Prevalence of insufficient physical activity among adults aged 18+ years (age-standardized estimate) (%),text,EUR,Europe,Country,SRB,Serbia,Year,2022,true,Sex,Male,SEX_MLE,Age Group,18+  years,AGEGROUP_YEARS18-PLUS,,,,,,,41.72,,,16.42,,67.92,41.7 [16.4-67.9],,,EN,2024-06-20T22:00:00.000Z
NCD_PAA,Prevalence of insufficient physical activity among adults aged 18+ years (age-standardized estimate) (%),text,EUR,Europe,Country,ITA,Italy,Year,2022,true,Sex,Female,SEX_FMLE,Age Group,18+  years,AGEGROUP_YEARS18-PLUS,,,,,,,43.76,,,31.53,,56.74,43.8 [31.5-56.7],,,EN,2024-06-20T22:00:00.000Z
NCD_PAA,Prevalence of insufficient physical activity among adults aged 18+ years (age-standardized estimate) (%),text,EUR,Europe,Country,MLT,Malta,Year,2022,true,Sex,Female,SEX_FMLE,Age Group,18+  years,AGEGROUP_YEARS18-PLUS,,,,,,,44.05,,,28.41,,61.15,44.1 [28.4-61.2],,,EN,2024-06-20T22:00:00.000Z
NCD_PAA,Prevalence of insufficient physical activity among adults aged 18+ years (age-standardized estimate) (%),text,EUR,Europe,Country,TUR,Türkiye,Year,2022,true,Sex,Both sexes,SEX_BTSX,Age Group,18+  years,AGEGROUP_YEARS18-PLUS,,,,,,,44.39,,,32.35,,56.66,44.4 [32.4-56.7],,,EN,2024-06-20T22:00:00.000Z
NCD_PAA,Prevalence of insufficient physical activity among adults aged 18+ years (age-standardized estimate) (%),text,EUR,Europe,Country,SRB,Serbia,Year,2022,true,Sex,Both sexes,SEX_BTSX,Age Group,18+  years,AGEGROUP_YEARS18-PLUS,,,,,,,44.85,,,23.6,,65.7,44.9 [23.6-65.7],,,EN,2024-06-20T22:00:00.000Z
NCD_PAA,Prevalence of insufficient physical activity among adults aged 18+ years (age-standardized estimate) (%),text,EUR,Europe,Country,TJK,Tajikistan,Year,2022,true,Sex,Female,SEX_FMLE,Age Group,18+  years,AGEGROUP_YEARS18-PLUS,,,,,,,44.95,,,25.92,,64.92,45.0 [25.9-64.9],,,EN,2024-06-20T22:00:00.000Z
NCD_PAA,Prevalence of insufficient physical activity among adults aged 18+ years (age-standardized estimate) (%),text,EUR,Europe,Country,PRT,Portugal,Year,2022,true,Sex,Male,SEX_MLE,Age Group,18+  years,AGEGROUP_YEARS18-PLUS,,,,,,,45.99,,,34.09,,58.67,46.0 [34.1-58.7],,,EN,2024-06-20T22:00:00.000Z
NCD_PAA,Prevalence of insufficient physical activity among adults aged 18+ years (age-standardized estimate) (%),text,EUR,Europe,Country,CYP,Cyprus,Year,2022,true,Sex,Female,SEX_FMLE,Age Group,18+  years,AGEGROUP_YEARS18-PLUS,,,,,,,46.98,,,33.33,,61.08,47.0 [33.3-61.1],,,EN,2024-06-20T22:00:00.000Z
NCD_PAA,Prevalence of insufficient physical activity among adults aged 18+ years (age-standardized estimate) (%),text,EUR,Europe,Country,SRB,Serbia,Year,2022,true,Sex,Female,SEX_FMLE,Age Group,18+  years,AGEGROUP_YEARS18-PLUS,,,,,,,47.93,,,16.57,,80.15,47.9 [16.6-80.1],,,EN,2024-06-20T22:00:00.000Z
NCD_PAA,Prevalence of insufficient physical activity among adults aged 18+ years (age-standardized estimate) (%),text,EUR,Europe,Country,PRT,Portugal,Year,2022,true,Sex,Both sexes,SEX_BTSX,Age Group,18+  years,AGEGROUP_YEARS18-PLUS,,,,,,,51.65,,,42.58,,60.5,51.7 [42.6-60.5],,,EN,2024-06-20T22:00:00.000Z
NCD_PAA,Prevalence of insufficient physical activity among adults aged 18+ years (age-standardized estimate) (%),text,EUR,Europe,Country,TUR,Türkiye,Year,2022,true,Sex,Female,SEX_FMLE,Age Group,18+  years,AGEGROUP_YEARS18-PLUS,,,,,,,53.42,,,34.92,,71.32,53.4 [34.9-71.3],,,EN,2024-06-20T22:00:00.000Z
NCD_PAA,Prevalence of insufficient physical activity among adults aged 18+ years (age-standardized estimate) (%),text,EUR,Europe,Country,PRT,Portugal,Year,2022,true,Sex,Female,SEX_FMLE,Age Group,18+  years,AGEGROUP_YEARS18-PLUS,,,,,,,56.94,,,43.92,,69.81,56.9 [43.9-69.8],,,EN,2024-06-20T22:00:00.000Z
NCD_PAA,Prevalence of insufficient physical activity among adults aged 18+ years (age-standardized estimate) (%),text,EUR,Europe,Country,FIN,Finland,Year,2022,true,Sex,Female,SEX_FMLE,Age Group,18+  years,AGEGROUP_YEARS18-PLUS,,,,,,,8.08,,,4.01,,14.09,8.1 [4.0-14.1],,,EN,2024-06-20T22:00:00.000Z
NCD_PAA,Prevalence of insufficient physical activity among adults aged 18+ years (age-standardized estimate) (%),text,EUR,Europe,Country,SWE,Sweden,Year,2022,true,Sex,Female,SEX_FMLE,Age Group,18+  years,AGEGROUP_YEARS18-PLUS,,,,,,,8.09,,,3.99,,14.05,8.1 [4.0-14.1],,,EN,2024-06-20T22:00:00.000Z
NCD_PAA,Prevalence of insufficient physical activity among adults aged 18+ years (age-standardized estimate) (%),text,EUR,Europe,Country,NLD,Netherlands (Kingdom of the),Year,2022,true,Sex,Male,SEX_MLE,Age Group,18+  years,AGEGROUP_YEARS18-PLUS,,,,,,,8.07,,,5.11,,11.89,8.1 [5.1-11.9],,,EN,2024-06-20T22:00:00.000Z
NCD_PAA,Prevalence of insufficient physical activity among adults aged 18+ years (age-standardized estimate) (%),text,EUR,Europe,Country,SWE,Sweden,Year,2022,true,Sex,Both sexes,SEX_BTSX,Age Group,18+  years,AGEGROUP_YEARS18-PLUS,,,,,,,8.7,,,5.62,,12.67,8.7 [5.6-12.7],,,EN,2024-06-20T22:00:00.000Z
NCD_PAA,Prevalence of insufficient physical activity among adults aged 18+ years (age-standardized estimate) (%),text,EUR,Europe,Country,SWE,Sweden,Year,2022,true,Sex,Male,SEX_MLE,Age Group,18+  years,AGEGROUP_YEARS18-PLUS,,,,,,,9.28,,,5.06,,14.86,9.3 [5.1-14.9],,,EN,2024-06-20T22:00:00.000Z
NCD_PAA,Prevalence of insufficient physical activity among adults aged 18+ years (age-standardized estimate) (%),text,EUR,Europe,Country,NLD,Netherlands (Kingdom of the),Year,2022,true,Sex,Both sexes,SEX_BTSX,Age Group,18+  years,AGEGROUP_YEARS18-PLUS,,,,,,,9.41,,,6.9,,12.37,9.4 [6.9-12.4],,,EN,2024-06-20T22:00:00.000Z
NCD_PAA,Prevalence of insufficient physical activity among adults aged 18+ years (age-standardized estimate) (%),text,EUR,Europe,Country,MDA,Republic of Moldova,Year,2022,true,Sex,Female,SEX_FMLE,Age Group,18+  years,AGEGROUP_YEARS18-PLUS,,,,,,,9.62,,,4.65,,16.82,9.6 [4.7-16.8],,,EN,2024-06-20T22:00:00.000Z
NCD_PAA,Prevalence of insufficient physical activity among adults aged 18+ years (age-standardized estimate) (%),text,EUR,Europe,Country,FIN,Finland,Year,2022,true,Sex,Both sexes,SEX_BTSX,Age Group,18+  years,AGEGROUP_YEARS18-PLUS,,,,,,,9.58,,,6.23,,13.76,9.6 [6.2-13.8],,,EN,2024-06-20T22:00:00.000Z
